country_code,country,health_spending_usd,health_spending_gdp,cancer_survival,dtp3
AFG,Afghanistan,74.06,14.83,42.31,65.0
AGO,Angola,64.45,2.2,44.89,61.0
ALB,Albania,366.3,6.78,79.06,99.0
AND,Andorra,3021.0,7.32,90.66,99.0
ARE,United Arab Emirates,1962.0,4.4,80.71,99.0
ARG,Argentina,1007.0,10.12,84.9,83.0
ARM,Armenia,533.7,11.38,77.12,92.0
ATG,Antigua and Barbuda,808.1,4.28,88.16,99.0
AUS,Australia,5543.0,10.25,90.83,95.0
AUT,Austria,5313.0,10.63,86.87,84.0
AZE,Azerbaijan,199.3,4.18,74.27,73.0
BDI,Burundi,22.24,9.06,31.49,93.0
BEL,Belgium,5087.0,10.86,91.5,97.0
BEN,Benin,33.95,3.0,33.27,72.0
BFA,Burkina Faso,41.07,5.35,36.25,91.0
BGD,Bangladesh,45.08,2.13,60.34,98.0
BGR,Bulgaria,733.1,7.12,80.13,93.0
BHR,Bahrain,1030.0,3.78,73.71,99.0
BHS,Bahamas,1881.0,5.7,84.05,89.0
BIH,Bosnia and Herzegovina,546.5,8.93,82.41,80.0
BLR,Belarus,400.1,5.86,79.66,98.0
BLZ,Belize,298.1,4.82,62.22,98.0
BOL,Bolivia (Plurinational State of),241.3,6.89,75.83,75.0
BRA,Brazil,868.2,9.61,90.34,70.0
BRB,Barbados,1168.0,5.67,86.95,90.0
BRN,Brunei Darussalam,678.8,2.23,80.43,99.0
BTN,Bhutan,115.7,3.38,45.35,97.0
BWA,Botswana,438.3,6.12,60.04,95.0
CAF,Central African Republic,35.76,7.76,24.64,38.0
CAN,Canada,5099.0,11.05,89.28,91.0
CHE,Switzerland,9610.0,11.43,88.92,96.0
CHL,Chile,1349.0,9.31,80.66,96.0
CHN,China,539.0,5.27,80.46,99.0
CIV,Cote d'Ivoire,68.3,3.19,36.76,79.0
CMR,Cameroon,56.79,3.65,44.46,67.0
COD,Democratic Republic of the Congo,19.21,3.51,32.31,73.0
COG,Congo,58.42,2.35,38.41,79.0
COK,Cook Islands,686.7,3.1,59.63,98.0
COL,Colombia,507.1,7.83,83.28,94.0
COM,Comoros,78.24,5.18,37.62,78.0
CPV,Cabo Verde,211.2,4.82,50.47,96.0
CRI,Costa Rica,930.4,7.22,86.84,95.0
CUB,Cuba,1023.0,11.09,78.21,99.0
CYP,Cyprus,2059.0,7.0,91.83,96.0
CZE,Czechia,1805.0,7.49,83.44,97.0
DEU,Germany,5447.0,11.43,87.62,91.0
DJI,Djibouti,68.47,2.41,35.96,85.0
DMA,Dominica,465.6,5.17,63.36,99.0
DNK,Denmark,6050.0,10.18,91.03,97.0
DOM,Dominican Republic,357.4,4.37,82.7,89.0
DZA,Algeria,242.1,5.42,45.83,88.0
ECU,Ecuador,484.5,7.81,80.55,85.0
EGY,Egypt,142.7,4.6,65.12,95.0
ERI,Eritrea,28.43,4.65,37.14,95.0
ESP,Spain,2757.0,9.22,87.61,95.0
EST,Estonia,1599.0,6.65,82.07,91.0
ETH,Ethiopia,25.94,3.24,43.33,70.0
FIN,Finland,4460.0,9.22,91.42,91.0
FJI,Fiji,254.8,4.28,48.4,97.0
FRA,France,4520.0,11.17,88.41,95.0
FSM,Micronesia (Federated States of),425.3,11.87,43.36,78.0
GAB,Gabon,206.0,2.77,62.61,70.0
GBR,United Kingdom of Great Britain and Northern Ireland,4260.0,9.98,87.84,93.0
GEO,Georgia,339.9,7.31,78.43,94.0
GHA,Ghana,71.15,3.25,48.98,97.0
GIN,Guinea,42.17,4.09,30.7,53.0
GMB,Gambia,23.22,3.15,35.41,88.0
GNB,Guinea-Bissau,53.98,7.15,31.0,84.0
GNQ,Equatorial Guinea,223.1,3.28,51.15,62.0
GRC,Greece,1569.0,8.12,88.05,99.0
GRD,Grenada,515.9,4.93,62.98,94.0
GTM,Guatemala,278.6,6.17,77.29,88.0
GUY,Guyana,314.1,4.9,64.55,99.0
HND,Honduras,183.8,7.34,78.49,90.0
HRV,Croatia,1064.0,6.79,79.31,94.0
HTI,Haiti,49.33,3.91,52.81,54.0
HUN,Hungary,1062.0,6.25,82.5,99.0
IDN,Indonesia,118.2,2.88,73.6,85.0
IND,India,60.69,2.95,65.74,91.0
IRL,Ireland,5454.0,6.62,87.3,94.0
IRN,Iran (Islamic Republic of),223.6,6.23,54.17,99.0
IRQ,Iraq,241.7,4.21,61.47,84.0
ISL,Iceland,5912.0,8.64,89.24,93.0
ISR,Israel,3335.0,7.21,90.43,98.0
ITA,Italy,2909.0,8.62,86.8,96.0
JAM,Jamaica,390.8,6.97,81.45,96.0
JOR,Jordan,294.9,7.07,72.69,89.0
JPN,Japan,4431.0,10.97,91.65,98.0
KAZ,Kazakhstan,263.6,2.87,82.9,73.0
KEN,Kenya,85.65,4.37,43.43,93.0
KGZ,Kyrgyzstan,61.4,4.25,66.46,95.0
KHM,Cambodia,112.6,5.06,64.5,88.0
KIR,Kiribati,177.9,10.17,43.66,97.0
KNA,Saint Kitts and Nevis,1224.0,5.19,62.95,97.0
KOR,Republic of Korea,2602.0,7.69,88.63,98.0
KWT,Kuwait,1643.0,5.18,77.3,92.0
LAO,Lao People's Democratic Republic,67.58,2.6,59.65,66.0
LBN,Lebanon,798.1,8.69,77.56,83.0
LBR,Liberia,51.19,8.38,35.14,71.0
LBY,Libya,552.7,5.55,69.52,73.0
LCA,Saint Lucia,506.0,4.29,63.68,92.0
LIE,Liechtenstein,9687.0,5.78,,
LKA,Sri Lanka,147.0,3.7,77.15,99.0
LSO,Lesotho,235.9,21.92,26.6,92.0
LTU,Lithuania,1361.0,6.94,77.66,92.0
LUX,Luxembourg,6222.0,5.47,87.67,99.0
LVA,Latvia,1183.0,6.86,86.65,99.0
MAR,Morocco,178.7,5.02,66.45,99.0
MCO,Monaco,7517.0,3.88,94.0,99.0
MDA,Republic of Moldova,284.0,6.5,70.23,91.0
MDG,Madagascar,15.5,3.1,43.5,69.0
MDV,Maldives,880.8,7.5,77.52,98.0
MEX,Mexico,549.7,5.3,81.24,82.0
MHL,Marshall Islands,793.7,14.99,48.68,79.0
MKD,North Macedonia,469.5,7.07,78.81,91.0
MLI,Mali,31.41,3.83,41.16,76.0
MLT,Malta,2947.0,8.89,89.27,98.0
MMR,Myanmar,53.72,3.81,62.84,90.0
MNE,Montenegro,754.8,8.33,82.68,87.0
MNG,Mongolia,197.6,4.49,78.6,98.0
MOZ,Mozambique,41.02,7.9,38.16,85.0
MRT,Mauritania,54.63,3.09,59.52,80.0
MUS,Mauritius,639.2,5.7,84.49,96.0
MWI,Malawi,36.92,6.37,41.58,95.0
MYS,Malaysia,419.3,3.84,71.71,98.0
NAM,Namibia,419.1,8.86,53.54,87.0
NER,Niger,31.89,5.67,39.59,81.0
NGA,Nigeria,67.63,2.99,27.7,66.0
NIC,Nicaragua,166.5,8.5,79.2,99.0
NIU,Niue,1232.0,7.24,54.7,99.0
NLD,Netherlands (Kingdom of the),5341.0,9.94,88.78,94.0
NOR,Norway,8007.0,10.44,91.02,97.0
NPL,Nepal,53.61,4.45,61.6,93.0
NRU,Naoero,1214.0,11.56,42.21,96.0
NZL,New Zealand,3680.0,8.62,89.11,92.0
OMN,Oman,730.1,3.81,73.59,99.0
PAK,Pakistan,36.01,2.85,59.02,84.0
PAN,Panama,1339.0,8.14,86.39,88.0
PER,Peru,368.0,5.13,85.8,88.0
PHL,Philippines,141.7,4.17,69.49,84.0
PLW,Palau,1929.0,12.17,53.07,97.0
PNG,Papua New Guinea,59.9,2.33,63.02,35.0
POL,Poland,1014.0,6.39,79.31,95.0
PRK,Democratic People's Republic of Korea,,,66.94,97.0
PRT,Portugal,2210.0,9.51,90.06,99.0
PRY,Paraguay,416.8,7.16,79.43,86.0
PSE,"occupied Palestinian territory, including east Jerusalem",317.5,9.19,,99.0
QAT,Qatar,2008.0,3.18,82.69,98.0
ROU,Romania,738.6,5.7,79.7,88.0
RUS,Russian Federation,650.5,5.65,71.78,97.0
RWA,Rwanda,39.81,4.91,48.4,98.0
SAU,Saudi Arabia,1505.0,5.47,69.96,96.0
SDN,Sudan,31.79,4.6,49.72,93.0
SEN,Senegal,64.34,4.5,52.63,91.0
SGP,Singapore,2924.0,4.41,83.5,97.0
SLB,Solomon Islands,98.67,4.44,49.41,94.0
SLE,Sierra Leone,48.14,5.71,33.75,95.0
SLV,El Salvador,380.5,8.81,81.27,96.0
SMR,San Marino,3801.0,8.15,67.1,88.0
SOM,Somalia,12.99,2.41,29.89,57.0
SRB,Serbia,641.0,8.29,79.78,97.0
SSD,South Sudan,35.18,9.07,38.56,61.0
STP,Sao Tome and Principe,106.9,5.48,39.61,95.0
SUR,Suriname,588.8,8.38,84.01,77.0
SVK,Slovakia,1342.0,6.91,77.04,97.0
SVN,Slovenia,2219.0,8.57,86.3,95.0
SWE,Sweden,5688.0,10.93,92.52,98.0
SWZ,Eswatini,320.1,8.4,30.58,90.0
SYC,Seychelles,675.5,4.25,56.93,99.0
SYR,Syrian Arab Republic,55.22,3.97,61.36,67.0
TCD,Chad,30.24,3.38,32.06,53.0
TGO,Togo,54.26,5.91,42.29,88.0
THA,Thailand,288.3,3.79,77.55,97.0
TJK,Tajikistan,60.52,6.95,63.29,88.0
TKM,Turkmenistan,432.8,5.55,73.4,99.0
TLS,Timor-Leste,78.01,4.99,48.41,83.0
TON,Tonga,266.7,5.75,49.23,99.0
TTO,Trinidad and Tobago,1097.0,6.91,85.3,93.0
TUN,Tunisia,212.6,6.02,73.49,98.0
TUR,Türkiye,388.7,4.36,84.45,99.0
TUV,Tuvalu,1139.0,22.22,49.03,92.0
TZA,United Republic of Tanzania,39.98,4.02,46.55,91.0
UGA,Uganda,33.37,3.79,37.58,93.0
UKR,Ukraine,242.8,7.09,77.19,80.0
URY,Uruguay,1693.0,9.24,83.85,94.0
USA,United States of America,10550.0,16.54,90.94,94.0
UZB,Uzbekistan,98.62,4.84,67.6,96.0
VCT,Saint Vincent and the Grenadines,372.1,4.26,60.84,97.0
VEN,Venezuela (Bolivarian Republic of),112.7,2.19,82.91,64.0
VNM,Viet Nam,171.2,4.97,76.63,89.0
VUT,Vanuatu,112.1,3.5,45.98,90.0
WSM,Samoa,242.9,5.65,52.13,68.0
YEM,Yemen,80.95,10.97,45.19,60.0
ZAF,South Africa,538.8,8.25,54.36,85.0
ZMB,Zambia,85.02,6.75,44.75,88.0
ZWE,Zimbabwe,55.11,3.23,47.18,90.0
